arrest_id,person_id,filing_date,age_at_arrest,sex,race,arrest_date_univ
7268817,25928,2016-04-06,59.33698630136986,M,Black,2016-04-06
5958672,1448386,2017-03-29,44.989041095890414,M,Black,2017-03-29
5014551,1571572,2017-10-14,39.394520547945206,F,Black,2017-10-14
3573863,126282,2018-06-20,36.465753424657535,M,Black,2018-06-20
5502020,883298,2017-07-16,18.54794520547945,M,White,2017-07-16
3476358,1518060,2018-07-07,22.797260273972604,M,Black,2018-07-07
5967924,1072904,2017-03-27,26.654794520547945,M,Black,2017-03-27
5053285,442499,2017-10-06,29.23835616438356,M,White,2017-10-06
5591945,217338,2017-06-26,63.69315068493151,F,Black,2017-06-26
7378080,50654,2016-03-07,19.153424657534245,M,Black,2016-03-07
3376936,85370,2018-07-24,32.28219178082192,M,,2018-07-24
3168313,258315,2018-08-18,37.42191780821918,M,,2018-08-18
12005804,1065717,2018-05-25,29.301369863013697,F,White,2018-05-25
7581961,1071856,2016-01-09,33.6986301369863,M,White,2016-01-09
6816869,85806,2016-07-23,30.0986301369863,M,White,2016-07-23
6096198,319551,2017-02-19,46.87671232876713,F,White,2017-02-19
3836808,359972,2018-05-01,27.076712328767123,F,Black,2018-05-01
6075194,2018384,2017-02-24,32.26849315068493,F,White,2017-02-24
5222987,266457,2017-09-10,46.55890410958904,M,Black,2017-09-10
6553405,1519445,2016-10-10,51.96986301369863,M,Black,2016-10-10
7158353,11936,2016-05-05,60.92602739726028,M,Black,2016-05-05
6060715,114124,2017-03-01,55.07671232876712,M,Black,2017-03-01
7465428,1004917,2016-02-14,30.432876712328767,F,Black,2016-02-14
2766114,43195,2018-11-01,20.693150684931503,M,Black,2018-11-01
2500555,4931,2018-12-21,18.38082191780822,M,Black,2018-12-21
6028961,91718,2017-03-09,29.572602739726022,M,Black,2017-03-09
6774612,502498,2016-08-05,24.643835616438356,F,White,2016-08-05
6577689,80568,2016-10-01,38.68219178082192,M,Black,2016-10-01
6946113,1688253,2016-06-15,33.14246575342466,M,White,2016-06-15
4111160,763078,2018-03-27,41.893150684931506,M,Black,2018-03-27
5053353,951591,2017-10-06,26.583561643835615,M,Black,2017-10-06
6029745,69831,2017-03-08,28.375342465753423,F,White,2017-03-08
2491948,262806,2018-12-26,60.84931506849315,M,Black,2018-12-26
6957590,1297492,2016-06-13,22.775342465753425,M,White,2016-06-13
4301105,43838,2018-02-21,25.852054794520548,M,Black,2018-02-21
4871957,2778,2017-11-05,29.649315068493152,M,mixed,2017-11-05
7398258,10066,2016-03-01,45.61917808219178,M,Black,2016-03-01
7303205,2931293,2016-03-28,22.63013698630137,F,White,2016-03-28
6457031,2931988,2016-11-08,54.512328767123286,M,White,2016-11-08
4469015,1516499,2018-01-22,63.25479452054795,M,White,2018-01-22
5168489,83708,2017-09-16,33.92328767123288,M,Black,2017-09-16
4801231,1575015,2017-11-17,18.983561643835618,M,Black,2017-11-17
6214564,11297,2017-01-20,48.983561643835614,M,Black,2017-01-20
6443817,33016,2016-11-13,28.084931506849315,F,mixed,2016-11-13
7255596,3385400,2016-04-09,48.52054794520548,M,Black,2016-04-09
3876566,1696565,2018-04-24,42.41095890410959,F,Black,2018-04-24
5819314,1308319,2017-05-02,19.27671232876712,M,Black,2017-05-02
7541800,1549259,2016-01-20,55.55342465753424,M,White,2016-01-20
4573842,76733,2017-12-30,27.47945205479452,F,White,2017-12-30
3702546,3593307,2018-05-27,40.92876712328767,F,mixed,2018-05-27
4559816,23784,2018-01-03,26.156164383561645,F,White,2018-01-03
6243514,85246,2017-01-12,19.75068493150685,M,Black,2017-01-12
6759183,79024,2016-08-10,37.75616438356165,M,Black,2016-08-10
6072822,909386,2017-02-25,25.61917808219178,M,Black,2017-02-25
4448872,27558,2018-01-25,37.512328767123286,M,Black,2018-01-25
3631787,1817697,2018-06-08,50.76712328767123,M,White,2018-06-08
7414853,965786,2016-02-25,36.28767123287671,M,Black,2016-02-25
6185866,988101,2017-01-28,33.271232876712325,M,Black,2017-01-28
5268378,35652,2017-08-31,39.21369863013699,F,White,2017-08-31
4219078,259056,2018-03-08,40.772602739726025,M,Black,2018-03-08
6626206,1647361,2016-09-17,19.923287671232877,M,White,2016-09-17
6794396,991124,2016-07-30,53.536986301369865,M,Black,2016-07-30
7518030,1463080,2016-01-30,20.778082191780825,F,White,2016-01-30
4107373,1027662,2018-03-27,29.96986301369863,M,Black,2018-03-27
3493710,1023093,2018-07-04,18.852054794520548,M,Black,2018-07-04
6969145,780656,2016-06-09,19.665753424657535,M,Black,2016-06-09
6234841,971359,2017-01-15,30.63287671232877,M,White,2017-01-15
5067540,1009066,2017-10-04,20.96712328767123,M,Black,2017-10-04
5769400,2508428,2017-05-16,35.37808219178082,M,White,2017-05-16
4280859,27785,2018-02-26,19.4,M,Black,2018-02-26
7206185,915957,2016-04-21,48.07671232876712,M,mixed,2016-04-21
5728325,3216126,2017-05-26,46.04109589041096,M,White,2017-05-26
6915516,707024,2016-06-26,37.88493150684931,M,Black,2016-06-26
4435364,12751,2018-01-27,26.40821917808219,M,Black,2018-01-27
5273684,778647,2017-08-30,20.983561643835618,M,Black,2017-08-30
7381538,27382,2016-03-07,26.564383561643837,M,Black,2016-03-07
3673834,1286831,2018-05-31,22.19178082191781,M,Black,2018-05-31
7213308,525326,2016-04-19,61.583561643835615,M,White,2016-04-19
3399268,1114653,2018-07-20,39.16712328767123,M,Black,2018-07-20
3828636,742629,2018-05-03,22.024657534246575,M,Black,2018-05-03
6892870,909864,2016-07-02,22.273972602739725,M,Black,2016-07-02
7462166,75450,2016-02-16,53.104109589041094,M,White,2016-02-16
3447120,3576545,2018-07-12,59.85753424657534,M,,2018-07-12
4780246,1516491,2017-11-20,29.389041095890413,M,Other,2017-11-20
5014713,1576173,2017-10-14,54.64931506849315,F,Black,2017-10-14
2907242,1302621,2018-10-05,54.24657534246575,M,Black,2018-10-05
5883782,28865,2017-04-17,20.852054794520548,M,Black,2017-04-17
5710263,87608,2017-05-28,45.416438356164385,M,Black,2017-05-28
3548675,1023228,2018-06-24,26.413698630136988,F,Black,2018-06-24
3371268,360339,2018-07-25,33.865753424657534,M,Black,2018-07-25
6053662,13665,2017-03-02,47.84109589041096,M,Black,2017-03-02
2710557,293396,2018-11-12,37.70958904109589,M,White,2018-11-12
6676950,3462861,2016-09-02,71.27123287671233,M,Black,2016-09-02
6944236,3352613,2016-06-16,18.4027397260274,M,Black,2016-06-16
6096501,77276,2017-02-19,42.9041095890411,M,Black,2017-02-19
6651028,716080,2016-09-10,40.5972602739726,F,Black,2016-09-10
6507127,49237,2016-10-22,20.09041095890411,M,Black,2016-10-22
7347268,700259,2016-03-16,42.723287671232875,M,Black,2016-03-16
6434678,1762278,2016-11-15,30.424657534246577,M,White,2016-11-15
5915304,46960,2017-04-07,24.994520547945207,F,White,2017-04-07
6288988,1004445,2017-01-01,26.410958904109588,F,Black,2017-01-01
5844042,57732,2017-04-26,26.22739726027397,M,Black,2017-04-26
5490784,91611,2017-07-18,30.58082191780822,M,Black,2017-07-18
5232450,23004,2017-09-07,55.75890410958904,M,White,2017-09-07
5694673,3587427,2017-06-01,35.38904109589041,M,mixed,2017-06-01
7255049,670782,2016-04-10,25.084931506849315,M,Black,2016-04-10
6460426,69474,2016-11-07,30.30958904109589,F,White,2016-11-07
5913001,6614,2017-04-09,25.3972602739726,M,White,2017-04-09
6891917,1305475,2016-07-03,19.0,M,White,2016-07-03
5897554,1246239,2017-04-12,20.665753424657535,M,White,2017-04-12
6485726,533988,2016-10-30,27.197260273972603,M,White,2016-10-30
7454785,1462612,2016-02-17,28.83835616438356,M,White,2016-02-17
4263198,3121881,2018-02-28,31.095890410958905,M,mixed,2018-02-28
5923311,336599,2017-04-05,29.265753424657536,M,White,2017-04-05
7550575,1773950,2016-01-17,37.12054794520548,M,Black,2016-01-17
7137668,13605,2016-05-11,44.14520547945205,F,Asian,2016-05-11
5435848,57265,2017-07-29,31.40821917808219,M,Black,2017-07-29
4650173,91481,2017-12-13,21.28219178082192,M,Black,2017-12-13
5297910,248206,2017-08-25,31.421917808219177,M,Black,2017-08-25
7563566,49472,2016-01-14,32.298630136986304,M,Black,2016-01-14
7138010,1457941,2016-05-11,43.21917808219178,F,White,2016-05-11
5854343,238381,2017-04-22,19.65753424657534,F,Black,2017-04-22
3102607,35048,2018-08-30,34.986301369863014,M,mixed,2018-08-30
6211932,84422,2017-01-22,56.391780821917806,F,Black,2017-01-22
6676974,3054080,2016-09-02,23.698630136986303,F,mixed,2016-09-02
7587118,997983,2016-01-07,42.21917808219178,M,White,2016-01-07
4513745,134133,2018-01-14,51.136986301369866,M,Black,2018-01-14
5801992,323098,2017-05-07,31.424657534246577,M,Black,2017-05-07
4532287,873153,2018-01-10,19.002739726027396,M,White,2018-01-10
2576292,82604,2018-12-07,34.865753424657534,M,Black,2018-12-07
4398368,25425,2018-02-02,38.364383561643834,M,White,2018-02-02
5113359,1440050,2017-09-26,27.572602739726022,M,White,2017-09-26
5585491,3474214,2017-06-27,43.20273972602739,M,Black,2017-06-27
4777775,47754,2017-11-20,36.44931506849315,F,White,2017-11-20
5902358,1005742,2017-04-11,24.589041095890412,M,Black,2017-04-11
6891773,1119600,2016-07-03,29.528767123287672,M,Asian,2016-07-03
6576617,1463249,2016-10-02,18.054794520547944,F,Black,2016-10-02
7370720,26596,2016-03-09,46.40547945205479,M,mixed,2016-03-09
7144592,2938538,2016-05-10,42.79178082191781,F,White,2016-05-10
5998375,339988,2017-03-17,56.57534246575342,M,,2017-03-17
6403657,2134220,2016-11-20,23.07945205479452,M,White,2016-11-20
6009424,213172,2017-03-15,19.265753424657536,M,Black,2017-03-15
5893867,1412544,2017-04-13,34.942465753424656,F,White,2017-04-13
4564410,921658,2018-01-02,24.813698630136987,M,Black,2018-01-02
7431888,995560,2016-02-21,23.34794520547945,F,Black,2016-02-21
6049427,27586,2017-03-03,22.48767123287671,M,mixed,2017-03-03
3201857,1064849,2018-08-08,27.03287671232877,F,White,2018-08-08
4662342,2793559,2017-12-11,45.61643835616438,M,White,2017-12-11
2568623,74595,2018-12-10,38.24109589041096,M,Black,2018-12-10
7026991,3088723,2016-05-22,20.778082191780825,M,Black,2016-05-22
6984366,1745147,2016-06-04,19.624657534246577,M,mixed,2016-06-04
2618132,761620,2018-11-30,23.616438356164384,M,Black,2018-11-30
4328012,1985162,2018-02-15,36.55342465753424,M,White,2018-02-15
7224958,57529,2016-04-17,25.564383561643837,M,Black,2016-04-17
6074502,68785,2017-02-24,39.4027397260274,,Black,2017-02-24
3851361,48528,2018-04-29,25.53972602739726,M,White,2018-04-29
7311479,847994,2016-03-25,25.2986301369863,M,Black,2016-03-25
7388658,512354,2016-03-03,55.52328767123288,F,White,2016-03-03
5764522,318640,2017-05-16,25.813698630136987,M,White,2017-05-16
3138306,51576,2018-08-23,52.04657534246575,M,Black,2018-08-23
6746136,358458,2016-08-13,28.85753424657534,M,mixed,2016-08-13
3815617,1518057,2018-05-05,24.646575342465752,M,Black,2018-05-05
3506084,3359578,2018-07-03,20.778082191780825,M,Black,2018-07-03
6042314,1411167,2017-03-06,28.375342465753423,F,Black,2017-03-06
6756714,935306,2016-08-11,41.45479452054794,M,Black,2016-08-11
5937027,3389950,2017-04-02,18.304109589041097,M,White,2017-04-02
5708597,235947,2017-05-29,24.61917808219178,M,,2017-05-29
4163202,479529,2018-03-18,21.731506849315068,M,Black,2018-03-18
3882249,57158,2018-04-23,29.983561643835618,M,Black,2018-04-23
6995174,33633,2016-06-01,18.2986301369863,M,mixed,2016-06-01
5728038,2743,2017-05-26,19.27123287671233,M,Black,2017-05-26
6215292,351751,2017-01-20,23.904109589041095,F,White,2017-01-20
5698616,230874,2017-05-31,39.18630136986302,M,mixed,2017-05-31
6496625,210420,2016-10-26,21.895890410958906,F,Black,2016-10-26
6303916,717027,2016-12-26,35.413698630136984,M,Black,2016-12-26
11966928,14780,2016-04-12,22.197260273972603,M,White,2016-04-12
3365244,2156291,2018-07-26,19.27945205479452,M,Black,2018-07-26
3586404,1662696,2018-06-18,64.6109589041096,F,,2018-06-18
7495184,1138633,2016-02-07,21.747945205479457,F,Black,2016-02-07
6097696,3570780,2017-02-18,32.78082191780822,M,Black,2017-02-18
2903760,3166359,2018-10-06,33.0986301369863,M,mixed,2018-10-06
5455518,1000596,2017-07-25,44.775342465753425,M,Black,2017-07-25
6744042,32790,2016-08-15,24.991780821917807,M,Black,2016-08-15
4251991,98350,2018-03-02,53.772602739726025,M,Black,2018-03-02
3732305,2871550,2018-05-21,54.35342465753425,M,White,2018-05-21
4153597,704623,2018-03-20,33.53150684931507,M,Black,2018-03-20
5256465,82486,2017-09-01,25.63013698630137,M,Black,2017-09-01
5435754,1006048,2017-07-29,27.019178082191782,F,Black,2017-07-29
5936791,2401549,2017-04-02,50.57808219178082,M,mixed,2017-04-02
6974579,993769,2016-06-07,55.4027397260274,M,Black,2016-06-07
5821772,1065197,2017-05-01,18.03835616438356,M,White,2017-05-01
4816008,53882,2017-11-15,37.16164383561644,M,White,2017-11-15
6835425,667567,2016-07-18,50.54246575342466,M,Black,2016-07-18
6783898,1268621,2016-08-03,50.276712328767125,M,White,2016-08-03
5666738,38535,2017-06-08,19.22739726027397,M,White,2017-06-08
6681053,222575,2016-09-01,22.824657534246576,M,Black,2016-09-01
6623308,3667430,2016-09-19,48.88767123287671,M,Black,2016-09-19
5775568,1026471,2017-05-14,21.797260273972604,M,Black,2017-05-14
7220104,482239,2016-04-18,46.33698630136986,M,White,2016-04-18
4941565,1060589,2017-10-27,28.134246575342463,M,Black,2017-10-27
5879415,1788,2017-04-17,46.961643835616435,M,,2017-04-17
3404410,255887,2018-07-19,55.59452054794521,M,Black,2018-07-19
3126042,1022206,2018-08-26,31.361643835616437,M,Black,2018-08-26
5319741,24391,2017-08-21,32.3013698630137,M,Black,2017-08-21
5670555,67140,2017-06-07,29.33150684931507,M,Black,2017-06-07
6917238,509811,2016-06-24,51.64109589041096,F,White,2016-06-24
3212729,40226,2018-08-07,31.235616438356164,M,Black,2018-08-07
3488332,45181,2018-07-05,19.268493150684932,M,Black,2018-07-05
6068520,1162141,2017-02-27,24.991780821917807,M,Black,2017-02-27
5008666,76548,2017-10-16,27.293150684931508,M,Black,2017-10-16
4862015,175405,2017-11-07,20.882191780821916,M,Black,2017-11-07
3046602,1244695,2018-09-10,45.02739726027397,F,White,2018-09-10
6623957,1075503,2016-09-19,61.09041095890411,M,Black,2016-09-19
5597498,474178,2017-06-23,28.304109589041097,M,White,2017-06-23
2901631,88044,2018-10-08,58.295890410958904,M,Black,2018-10-08
3864977,3097517,2018-04-26,37.23561643835617,M,,2018-04-26
6837789,542158,2016-07-16,31.87945205479452,M,mixed,2016-07-16
5887803,1002436,2017-04-14,50.013698630136986,M,Black,2017-04-14
7603993,3243981,2016-01-02,59.67397260273973,M,White,2016-01-02
6275350,34896,2017-01-05,27.145205479452056,M,Black,2017-01-05
2592249,45481,2018-12-05,17.6,M,Black,2018-12-05
3411394,2572349,2018-07-18,39.00821917808219,F,White,2018-07-18
7157820,1055158,2016-05-06,36.14520547945205,M,White,2016-05-06
6455738,702095,2016-11-09,51.64931506849315,F,Black,2016-11-09
6916481,26679,2016-06-25,31.117808219178084,M,Black,2016-06-25
7200043,55112,2016-04-23,46.46849315068493,M,White,2016-04-23
7371681,1055115,2016-03-09,57.56164383561644,M,White,2016-03-09
6632110,910893,2016-09-15,31.345205479452055,M,Black,2016-09-15
3869807,3605472,2018-04-25,21.052054794520547,F,Black,2018-04-25
6725060,65964,2016-08-20,24.34794520547945,M,Black,2016-08-20
3596356,49882,2018-06-14,35.18082191780822,M,Black,2018-06-14
5396058,555286,2017-08-07,25.87123287671233,F,Black,2017-08-07
7216810,224737,2016-04-19,21.2986301369863,F,Black,2016-04-19
6920297,575555,2016-06-24,65.97260273972603,M,Black,2016-06-24
3052452,1127005,2018-09-08,52.342465753424655,M,White,2018-09-08
4334398,12352,2018-02-14,19.084931506849315,M,Black,2018-02-14
6847236,1189790,2016-07-14,40.16712328767123,M,mixed,2016-07-14
5697246,15340,2017-05-31,39.5972602739726,M,White,2017-05-31
6192743,2497431,2017-01-27,18.84931506849315,M,Black,2017-01-27
5118851,2556504,2017-09-26,39.15068493150685,F,White,2017-09-26
4143130,1602937,2018-03-21,44.59452054794521,F,White,2018-03-21
5413918,845123,2017-08-03,46.97260273972603,M,Black,2017-08-03
4599708,1803390,2017-12-23,26.704109589041096,F,White,2017-12-23
7266260,54289,2016-04-06,51.58082191780822,M,,2016-04-06
3682942,1460821,2018-05-30,23.684931506849313,M,mixed,2018-05-30
4207288,1488855,2018-03-09,31.80821917808219,F,mixed,2018-03-09
3392137,74829,2018-07-21,27.47945205479452,M,Black,2018-07-21
6223364,1205282,2017-01-18,29.28767123287671,F,White,2017-01-18
7004850,1113857,2016-05-29,36.29041095890411,M,White,2016-05-29
5997738,229544,2017-03-18,18.65753424657534,M,mixed,2017-03-18
7184393,212874,2016-04-29,41.35068493150685,M,mixed,2016-04-29
5684213,3587248,2017-06-04,34.178082191780824,M,,2017-06-04
7349807,1805696,2016-03-15,29.40821917808219,F,White,2016-03-15
7226797,2584613,2016-04-16,51.273972602739725,M,White,2016-04-16
6931649,1256556,2016-06-20,20.413698630136988,M,White,2016-06-20
6956199,351066,2016-06-13,32.8054794520548,M,White,2016-06-13
5322293,249937,2017-08-21,27.84931506849315,M,Black,2017-08-21
3720697,1023661,2018-05-22,32.657534246575345,M,Black,2018-05-22
3778372,44850,2018-05-11,22.284931506849315,M,Black,2018-05-11
2869394,1585223,2018-10-12,51.11506849315069,M,Black,2018-10-12
6542668,2662041,2016-10-13,39.73698630136986,M,White,2016-10-13
6049457,32779,2017-03-03,27.38082191780822,M,Black,2017-03-03
4130120,44351,2018-03-24,27.805479452054794,F,Black,2018-03-24
4180689,19626,2018-03-14,21.15890410958904,F,mixed,2018-03-14
5942633,756222,2017-03-31,30.506849315068493,F,mixed,2017-03-31
5598626,1352734,2017-06-23,28.865753424657537,M,White,2017-06-23
3982258,58583,2018-04-07,27.813698630136987,M,Black,2018-04-07
6340985,987109,2016-12-13,38.89041095890411,M,,2016-12-13
6058682,81169,2017-03-01,18.97808219178082,M,Black,2017-03-01
5689836,3218878,2017-06-02,33.95616438356164,F,White,2017-06-02
4865164,344444,2017-11-06,27.265753424657536,M,Black,2017-11-06
3372037,982041,2018-07-25,32.73150684931507,F,Black,2018-07-25
4434854,94941,2018-01-28,25.70958904109589,M,Black,2018-01-28
6920623,77897,2016-06-24,30.2986301369863,M,White,2016-06-24
5161682,21966,2017-09-18,40.010958904109586,M,White,2017-09-18
3193787,1475717,2018-08-10,33.11232876712329,F,White,2018-08-10
6730488,703333,2016-08-18,42.98082191780822,M,mixed,2016-08-18
5866672,1284992,2017-04-20,38.0958904109589,M,White,2017-04-20
5936893,1247697,2017-04-02,17.542465753424658,M,White,2017-04-02
3945921,264201,2018-04-13,46.172602739726024,M,Black,2018-04-13
6577014,3383502,2016-10-02,46.010958904109586,,,2016-10-02
3216012,3605768,2018-08-07,43.00821917808219,F,,2018-08-07
2793396,40790,2018-10-27,43.8054794520548,M,White,2018-10-27
3895575,1000343,2018-04-20,22.04931506849315,F,Black,2018-04-20
4612496,68213,2017-12-20,54.00547945205479,F,Black,2017-12-20
3499759,545503,2018-07-04,45.76438356164383,M,Black,2018-07-04
5592644,3357315,2017-06-26,19.93972602739726,M,White,2017-06-26
7307171,1309468,2016-03-26,35.24931506849315,F,White,2016-03-26
6798050,3198569,2016-07-29,18.86027397260274,M,White,2016-07-29
6073160,31876,2017-02-25,54.95068493150685,F,White,2017-02-25
3819130,2870,2018-05-04,38.43835616438356,M,White,2018-05-04
6349926,416390,2016-12-12,17.438356164383563,M,Black,2016-12-12
6671035,106675,2016-09-05,23.64109589041096,M,Black,2016-09-05
6724161,451627,2016-08-21,44.64109589041096,M,Black,2016-08-21
6355703,74677,2016-12-09,28.545205479452058,M,White,2016-12-09
7394502,82666,2016-03-02,43.78356164383562,M,Black,2016-03-02
6598254,2934116,2016-09-25,37.6958904109589,M,White,2016-09-25
2971473,929734,2018-09-24,40.465753424657535,M,White,2018-09-24
5352026,34599,2017-08-15,20.945205479452056,M,mixed,2017-08-15
5804869,2392616,2017-05-05,25.912328767123288,F,Black,2017-05-05
6879917,3553403,2016-07-06,45.67671232876712,F,Black,2016-07-06
4497239,586087,2018-01-17,31.265753424657536,M,Black,2018-01-17
6822812,27924,2016-07-21,20.48219178082192,M,White,2016-07-21
3083081,275082,2018-09-04,48.989041095890414,M,Black,2018-09-04
6870397,3515003,2016-07-07,50.06301369863014,M,mixed,2016-07-07
6489288,3077859,2016-10-28,21.63287671232877,M,Black,2016-10-28
7012299,1337598,2016-05-26,19.339726027397266,M,Black,2016-05-26
6672666,2108170,2016-09-03,26.4986301369863,M,White,2016-09-03
6984750,1059734,2016-06-04,27.78904109589041,F,Black,2016-06-04
6585372,1116388,2016-09-29,26.942465753424656,M,Black,2016-09-29
5972614,1423711,2017-03-25,19.38082191780822,M,White,2017-03-25
6466997,2932251,2016-11-04,20.90684931506849,F,White,2016-11-04
6688760,80009,2016-08-30,32.86027397260274,M,,2016-08-30
2586870,24750,2018-12-06,35.0958904109589,M,White,2018-12-06
5666449,25523,2017-06-08,29.742465753424657,M,Black,2017-06-08
6671790,78880,2016-09-04,52.02465753424657,M,Black,2016-09-04
5133966,1214199,2017-09-22,35.97260273972603,M,Black,2017-09-22
5726487,235227,2017-05-27,39.8986301369863,F,Black,2017-05-27
5052563,2558637,2017-10-07,19.43013698630137,F,White,2017-10-07
6275936,14413,2017-01-04,41.59178082191781,F,White,2017-01-04
6503549,192488,2016-10-24,27.32054794520548,F,Black,2016-10-24
4981359,246429,2017-10-20,30.813698630136987,M,mixed,2017-10-20
3550258,404843,2018-06-23,32.032876712328765,M,mixed,2018-06-23
4874761,172713,2017-11-04,24.205479452054796,M,Black,2017-11-04
2989464,3007259,2018-09-20,45.28767123287671,F,mixed,2018-09-20
3551844,2003,2018-06-22,53.465753424657535,M,Black,2018-06-22
6468725,1744993,2016-11-04,63.87671232876713,M,White,2016-11-04
6515921,709771,2016-10-20,24.682191780821917,M,Black,2016-10-20
6182084,1992727,2017-01-30,27.421917808219177,F,Other,2017-01-30
7017218,162419,2016-05-25,33.38082191780822,M,Black,2016-05-25
3477152,598785,2018-07-07,25.506849315068493,M,Black,2018-07-07
5497906,15177,2017-07-17,40.90958904109589,M,Black,2017-07-17
6836725,26204,2016-07-17,61.276712328767125,F,mixed,2016-07-17
5132759,861665,2017-09-23,34.63835616438356,M,Black,2017-09-23
7023735,46047,2016-05-23,31.136986301369863,M,White,2016-05-23
4079940,15930,2018-03-31,26.504109589041096,M,Black,2018-03-31
5754726,1799436,2017-05-19,21.36712328767123,M,White,2017-05-19
7581199,1960076,2016-01-09,21.28767123287671,M,Black,2016-01-09
3368502,35378,2018-07-26,62.18082191780822,M,Black,2018-07-26
5921226,555796,2017-04-06,39.95068493150685,M,Black,2017-04-06
7464288,1499680,2016-02-15,24.887671232876713,F,Black,2016-02-15
7021379,63935,2016-05-24,29.64109589041096,F,White,2016-05-24
2868457,320713,2018-10-12,30.273972602739725,F,White,2018-10-12
7466353,858453,2016-02-13,43.83013698630137,M,White,2016-02-13
3242748,3054529,2018-08-01,21.95342465753425,M,Black,2018-08-01
6850396,3063044,2016-07-13,24.063013698630137,F,mixed,2016-07-13
5035688,2570957,2017-10-11,27.24931506849315,M,White,2017-10-11
7149171,1295291,2016-05-09,37.394520547945206,M,White,2016-05-09
6577733,1127882,2016-10-01,26.84931506849315,F,White,2016-10-01
3775181,1633210,2018-05-13,26.731506849315068,M,Black,2018-05-13
7027943,908756,2016-05-21,35.915068493150685,M,Black,2016-05-21
6837322,1135351,2016-07-16,54.824657534246576,M,White,2016-07-16
6471124,82063,2016-11-03,26.175342465753424,M,Black,2016-11-03
5560634,316053,2017-07-03,41.33698630136986,F,White,2017-07-03
5351996,101770,2017-08-15,26.92602739726027,F,,2017-08-15
7382549,1061804,2016-03-07,28.82191780821918,M,White,2016-03-07
6537617,77082,2016-10-14,29.134246575342463,M,White,2016-10-14
6397938,2106053,2016-11-21,47.74520547945205,F,White,2016-11-21
2652491,21493,2018-11-23,24.136986301369863,M,White,2018-11-23
3126179,9523,2018-08-26,27.695890410958903,M,Black,2018-08-26
7509640,60273,2016-02-02,21.564383561643837,F,Black,2016-02-02
3839724,1039827,2018-05-01,22.438356164383563,M,Black,2018-05-01
6916269,56090,2016-06-25,18.29041095890411,M,White,2016-06-25
6641052,13178,2016-09-13,20.01095890410959,M,Black,2016-09-13
6858454,1796824,2016-07-11,31.92054794520548,F,White,2016-07-11
4818638,539354,2017-11-15,51.27945205479452,M,Black,2017-11-15
3173957,848793,2018-08-17,25.6027397260274,M,Black,2018-08-17
2698916,754401,2018-11-14,23.10958904109589,M,Black,2018-11-14
3548765,1288581,2018-06-24,24.21095890410959,M,Black,2018-06-24
7028913,2835694,2016-05-21,43.30684931506849,M,White,2016-05-21
4697408,49727,2017-12-04,19.90684931506849,M,Black,2017-12-04
5201065,1421025,2017-09-12,36.583561643835615,M,Other,2017-09-12
4751260,2537177,2017-11-27,28.175342465753424,F,White,2017-11-27
7234140,1058203,2016-04-15,27.33150684931507,M,Black,2016-04-15
6598794,2581544,2016-09-25,36.64383561643836,F,Black,2016-09-25
6156149,935128,2017-02-06,48.56712328767123,F,Black,2017-02-06
3575090,23062,2018-06-20,58.87123287671233,M,White,2018-06-20
5008270,316704,2017-10-16,37.704109589041096,M,Other,2017-10-16
5150392,43443,2017-09-20,20.756164383561643,M,Black,2017-09-20
3526910,363740,2018-06-27,42.463013698630135,F,Asian,2018-06-27
7281409,911263,2016-04-01,25.528767123287672,M,Black,2016-04-01
6053989,571225,2017-03-02,53.654794520547945,M,Black,2017-03-02
3166132,1289881,2018-08-18,21.186301369863013,M,Black,2018-08-18
6704112,1307676,2016-08-26,35.09315068493151,M,White,2016-08-26
5339923,670471,2017-08-17,31.03013698630137,F,Black,2017-08-17
4827776,1063563,2017-11-13,30.816438356164383,M,White,2017-11-13
6792133,53858,2016-08-01,29.106849315068494,M,mixed,2016-08-01
5891147,1657426,2017-04-14,62.706849315068496,M,Black,2017-04-14
5559287,1002535,2017-07-04,23.715068493150685,M,Black,2017-07-04
3601979,3363012,2018-06-14,23.39178082191781,M,Black,2018-06-14
7422871,1129862,2016-02-23,30.457534246575342,M,White,2016-02-23
2563302,300361,2018-12-11,25.852054794520548,M,Black,2018-12-11
7194627,65387,2016-04-26,18.813698630136987,M,Black,2016-04-26
3388991,1003853,2018-07-23,42.69041095890411,M,White,2018-07-23
7477256,1708343,2016-02-10,28.41917808219178,M,White,2016-02-10
5298889,2591916,2017-08-25,28.843835616438355,F,White,2017-08-25
2693604,3143337,2018-11-15,28.542465753424658,M,Black,2018-11-15
7055804,1782791,2016-05-14,20.435616438356163,M,Black,2016-05-14
7598842,1531743,2016-01-04,41.62191780821918,M,Black,2016-01-04
6928740,1124386,2016-06-21,19.561643835616437,M,Black,2016-06-21
2922877,84823,2018-10-02,24.0,M,Black,2018-10-02
5168153,738991,2017-09-17,30.04109589041096,M,mixed,2017-09-17
7255033,69058,2016-04-10,49.24931506849315,F,mixed,2016-04-10
3523180,2870513,2018-06-28,37.221917808219175,M,White,2018-06-28
7552078,173473,2016-01-16,50.16712328767123,M,Black,2016-01-16
5625542,3585475,2017-06-19,24.156164383561645,F,Black,2017-06-19
7395386,1609935,2016-03-02,41.40547945205479,,,2016-03-02
4457859,1114013,2018-01-24,48.7945205479452,F,Black,2018-01-24
5059604,910069,2017-10-05,27.77260273972603,F,mixed,2017-10-05
6809493,306222,2016-07-26,24.671232876712327,M,Black,2016-07-26
4524392,909315,2018-01-11,22.035616438356165,M,Black,2018-01-11
6237431,56452,2017-01-13,56.37808219178082,M,Black,2017-01-13
4367944,26258,2018-02-08,22.027397260273972,M,Black,2018-02-08
4354694,92254,2018-02-11,25.13150684931507,M,Black,2018-02-11
2573195,1014195,2018-12-08,30.80821917808219,F,mixed,2018-12-08
6863492,991504,2016-07-08,29.306849315068497,F,Black,2016-07-08
6055461,3355630,2017-03-02,60.701369863013696,F,White,2017-03-02
7431877,503269,2016-02-21,30.96986301369863,M,White,2016-02-21
5757564,47004,2017-05-18,55.87123287671233,M,Black,2017-05-18
5607185,3000544,2017-06-21,22.46027397260274,M,mixed,2017-06-21
3659989,2880571,2018-06-04,69.21369863013699,F,White,2018-06-04
4609251,4741,2017-12-21,33.49589041095891,M,White,2017-12-21
4129776,343162,2018-03-24,28.81917808219178,M,Black,2018-03-24
2511968,358578,2018-12-19,38.64109589041096,M,,2018-12-19
7369356,1509614,2016-03-09,52.19178082191781,M,White,2016-03-09
3490313,786744,2018-07-05,52.75616438356165,M,Black,2018-07-05
5232571,1289480,2017-09-07,43.964383561643835,F,White,2017-09-07
3234875,342986,2018-08-02,50.80821917808219,M,Black,2018-08-02
6165914,570963,2017-02-03,40.92328767123288,M,Black,2017-02-03
6863214,65316,2016-07-08,36.42739726027397,M,Black,2016-07-08
6936297,121540,2016-06-17,22.23013698630137,M,Black,2016-06-17
4500531,2406706,2018-01-16,25.15890410958904,F,Black,2018-01-16
4852731,247459,2017-11-08,22.106849315068494,M,Black,2017-11-08
5664009,755398,2017-06-09,27.405479452054795,M,Black,2017-06-09
6102845,55857,2017-02-17,27.07945205479452,F,White,2017-02-17
2864989,936434,2018-10-14,58.156164383561645,M,Black,2018-10-14
2797309,276664,2018-10-26,42.106849315068494,M,Black,2018-10-26
5050151,1799216,2017-10-08,31.065753424657533,M,White,2017-10-08
6277542,2746168,2017-01-04,22.898630136986306,M,Black,2017-01-04
7153262,883902,2016-05-07,20.334246575342465,M,Black,2016-05-07
5370074,196266,2017-08-11,29.63013698630137,M,Black,2017-08-11
4283852,1543625,2018-02-25,56.85753424657534,M,Black,2018-02-25
2547343,122092,2018-12-13,45.96986301369863,M,mixed,2018-12-13
3679700,81979,2018-05-30,57.31780821917808,F,Black,2018-05-30
5049055,234366,2017-10-09,33.42465753424658,M,Black,2017-10-09
6724650,75426,2016-08-20,20.78904109589041,M,White,2016-08-20
3877005,2880190,2018-04-24,20.30958904109589,M,Black,2018-04-24
7193530,1306011,2016-04-26,59.12054794520548,M,White,2016-04-26
6759197,1465404,2016-08-10,27.92602739726027,M,White,2016-08-10
3787339,25110,2018-05-10,22.95616438356164,M,Black,2018-05-10
5590253,21406,2017-06-26,19.052054794520547,M,White,2017-06-26
6524956,2134683,2016-10-18,33.87397260273973,M,White,2016-10-18
6983854,83299,2016-06-04,18.16438356164383,,Black,2016-06-04
2939945,1308492,2018-09-30,25.339726027397266,M,White,2018-09-30
5560929,912191,2017-07-03,34.93698630136986,M,Black,2017-07-03
7542921,228162,2016-01-20,39.775342465753425,F,mixed,2016-01-20
6896776,1768653,2016-07-01,56.12054794520548,M,White,2016-07-01
6221420,1469853,2017-01-18,42.44383561643835,F,,2017-01-18
3451139,1281927,2018-07-12,19.22739726027397,M,White,2018-07-12
6704707,36554,2016-08-26,36.23835616438356,M,mixed,2016-08-26
3679645,1007138,2018-05-30,47.843835616438355,M,Black,2018-05-30
4307219,251820,2018-02-20,31.624657534246577,M,Black,2018-02-20
2505635,1024658,2018-12-20,24.912328767123288,M,Black,2018-12-20
3372243,60347,2018-07-25,44.915068493150685,M,Black,2018-07-25
4541881,1103608,2018-01-09,27.410958904109588,F,White,2018-01-09
6486630,342694,2016-10-29,19.843835616438355,F,White,2016-10-29
6939057,112145,2016-06-17,22.775342465753425,M,mixed,2016-06-17
6845142,1072559,2016-07-15,55.02739726027397,M,White,2016-07-15
7292958,62147,2016-03-30,20.78082191780822,M,Black,2016-03-30
3249757,884830,2018-07-31,26.75068493150685,M,Black,2018-07-31
4741424,3211663,2017-11-28,47.90958904109589,M,White,2017-11-28
5885165,597360,2017-04-16,23.21917808219178,M,Black,2017-04-16
4078592,974497,2018-04-01,26.5013698630137,M,Black,2018-04-01
5846496,1009393,2017-04-25,18.09315068493151,M,Black,2017-04-25
7162955,1134876,2016-05-04,42.97808219178082,M,Black,2016-05-04
7216276,724047,2016-04-19,61.32054794520547,F,Black,2016-04-19
6701778,42402,2016-08-27,32.106849315068494,M,White,2016-08-27
5294945,2569,2017-08-25,23.389041095890413,M,Black,2017-08-25
5928260,1134813,2017-04-04,19.339726027397266,M,Black,2017-04-04
6645202,78786,2016-09-12,24.15068493150685,M,White,2016-09-12
7422471,59578,2016-02-23,39.63835616438356,M,Black,2016-02-23
6532455,243705,2016-10-17,18.654794520547945,M,Black,2016-10-17
5527499,434345,2017-07-10,52.1972602739726,F,mixed,2017-07-10
5784691,1800486,2017-05-11,33.04383561643836,M,White,2017-05-11
6362220,2579110,2016-12-08,23.04383561643836,M,Black,2016-12-08
5660831,65834,2017-06-10,20.065753424657533,M,Black,2017-06-10
3904095,28710,2018-04-19,20.75068493150685,M,Black,2018-04-19
4308924,176762,2018-02-20,27.912328767123288,M,Black,2018-02-20
2790886,184560,2018-10-29,45.42739726027397,M,Black,2018-10-29
4612868,957946,2017-12-20,33.43835616438356,F,White,2017-12-20
5568205,909645,2017-06-30,61.298630136986304,F,Black,2017-06-30
4667353,2022714,2017-12-10,36.29041095890411,M,Black,2017-12-10
6889724,725268,2016-07-05,30.73972602739726,M,mixed,2016-07-05
7003161,3223578,2016-05-30,41.298630136986304,F,Asian,2016-05-30
3479577,1050738,2018-07-06,22.24931506849315,M,Black,2018-07-06
4185409,79145,2018-03-14,26.87945205479452,F,White,2018-03-14
2905661,1535214,2018-10-05,51.038356164383565,M,Black,2018-10-05
5049840,1000558,2017-10-08,36.57808219178082,M,mixed,2017-10-08
7272789,2557412,2016-04-05,23.60821917808219,M,Black,2016-04-05
7199368,1243226,2016-04-24,19.567123287671233,F,White,2016-04-24
7308318,57776,2016-03-25,21.936986301369863,M,Black,2016-03-25
3829189,2641039,2018-05-03,32.087671232876716,F,White,2018-05-03
5560772,1596644,2017-07-03,38.81095890410959,M,,2017-07-03
3471309,16944,2018-07-09,39.66849315068493,M,White,2018-07-09
7278705,101916,2016-04-03,25.991780821917807,M,Black,2016-04-03
6588601,3458193,2016-09-28,25.621917808219177,M,Black,2016-09-28
6058937,984444,2017-03-01,24.95890410958904,M,White,2017-03-01
4635194,6851,2017-12-16,26.76986301369863,M,White,2017-12-16
6027429,1802254,2017-03-09,24.63287671232877,F,White,2017-03-09
7473272,1354979,2016-02-11,34.85479452054795,F,White,2016-02-11
5291736,2535391,2017-08-26,24.898630136986306,F,White,2017-08-26
3739546,207810,2018-05-20,27.51780821917808,M,Black,2018-05-20
6445341,48080,2016-11-11,38.95890410958904,M,Black,2016-11-11
2485784,88417,2018-12-26,33.558904109589044,M,Black,2018-12-26
6916329,3198370,2016-06-25,40.895890410958906,M,White,2016-06-25
3824510,2594951,2018-05-04,19.326027397260273,M,,2018-05-04
3013712,10237,2018-09-16,26.4986301369863,M,Black,2018-09-16
5974264,84410,2017-03-24,42.84109589041096,F,Black,2017-03-24
5763206,146410,2017-05-17,53.31506849315068,M,Black,2017-05-17
7288288,1117726,2016-03-31,50.95616438356164,M,Black,2016-03-31
4521188,637495,2018-01-12,23.410958904109588,M,Black,2018-01-12
4983747,9102,2017-10-19,24.898630136986306,M,Black,2017-10-19
5846255,333745,2017-04-25,21.72054794520548,M,Black,2017-04-25
7488749,220893,2016-02-08,18.24109589041096,F,Black,2016-02-08
3051211,359021,2018-09-09,48.394520547945206,M,,2018-09-09
4763108,2202943,2017-11-23,48.704109589041096,F,White,2017-11-23
7063504,2384014,2016-05-12,37.93150684931507,F,mixed,2016-05-12
7151446,1569464,2016-05-08,47.4986301369863,F,Black,2016-05-08
7537778,1305217,2016-01-21,47.32876712328767,F,White,2016-01-21
3377366,81249,2018-07-24,50.26849315068493,M,Black,2018-07-24
4689683,860034,2017-12-06,41.83287671232877,M,Black,2017-12-06
4537309,44159,2018-01-09,38.42465753424658,M,Black,2018-01-09
3520892,411055,2018-06-28,31.063013698630137,M,Indian,2018-06-28
6707445,75036,2016-08-25,28.55890410958904,M,White,2016-08-25
5097627,3120306,2017-09-29,35.66575342465753,F,Black,2017-09-29
6523146,33429,2016-10-19,24.572602739726022,M,mixed,2016-10-19
6352048,555837,2016-12-11,46.78904109589041,M,Black,2016-12-11
6984069,1615681,2016-06-04,18.887671232876713,M,White,2016-06-04
7256175,226290,2016-04-09,33.347945205479455,M,mixed,2016-04-09
5886184,332271,2017-04-15,29.427397260273978,M,Black,2017-04-15
2673567,1985673,2018-11-19,18.172602739726027,M,Other,2018-11-19
3232676,265085,2018-08-03,43.104109589041094,M,Black,2018-08-03
6725485,2129116,2016-08-19,24.04931506849315,F,Black,2016-08-19
5560404,2497447,2017-07-04,55.80821917808219,F,Black,2017-07-04
3607980,35320,2018-06-13,24.339726027397266,M,Black,2018-06-13
7553479,1567151,2016-01-15,36.89041095890411,M,,2016-01-15
6545079,1557971,2016-10-12,43.106849315068494,M,Black,2016-10-12
5585793,239629,2017-06-27,27.71780821917808,M,Black,2017-06-27
7283727,30578,2016-04-01,30.66849315068493,F,,2016-04-01
4397666,1515517,2018-02-02,38.52876712328767,M,White,2018-02-02
5403234,1652670,2017-08-06,22.942465753424656,F,Black,2017-08-06
3945939,189625,2018-04-13,30.747945205479457,M,mixed,2018-04-13
4801505,1236019,2017-11-17,31.194520547945206,M,Black,2017-11-17
7563283,84199,2016-01-14,22.12054794520548,M,Black,2016-01-14
7157228,184900,2016-05-06,24.46849315068493,M,Black,2016-05-06
5847419,2293944,2017-04-25,38.967123287671235,M,Other,2017-04-25
7543337,1747908,2016-01-20,31.213698630136985,M,Other,2016-01-20
2907915,115414,2018-10-05,26.783561643835615,M,,2018-10-05
5180076,1713630,2017-09-14,23.065753424657533,M,White,2017-09-14
4860301,1407719,2017-11-07,56.50684931506849,M,White,2017-11-07
3039691,15353,2018-09-11,34.391780821917806,F,White,2018-09-11
4981381,746888,2017-10-20,47.06575342465754,F,Black,2017-10-20
2977729,19918,2018-09-22,27.96712328767123,M,White,2018-09-22
6778366,41991,2016-08-05,24.93972602739726,M,White,2016-08-05
2714649,888088,2018-11-10,30.986301369863018,M,White,2018-11-10
2747588,70259,2018-11-03,23.843835616438355,M,mixed,2018-11-03
4665527,146236,2017-12-11,37.917808219178085,F,Black,2017-12-11
4991918,706551,2017-10-18,40.465753424657535,M,White,2017-10-18
5816465,742445,2017-05-03,57.16164383561644,F,Black,2017-05-03
5564259,847667,2017-07-03,32.27945205479452,F,Black,2017-07-03
5242551,2745399,2017-09-05,50.73424657534247,F,White,2017-09-05
6747081,2498706,2016-08-13,22.81095890410959,M,Black,2016-08-13
5339587,3370039,2017-08-17,79.18082191780822,M,White,2017-08-17
2532252,2582921,2018-12-16,24.85753424657534,M,White,2018-12-16
7424662,3553588,2016-02-23,29.301369863013697,M,mixed,2016-02-23
4524599,81290,2018-01-11,20.134246575342463,M,Black,2018-01-11
6766557,27836,2016-08-09,36.69041095890411,M,White,2016-08-09
5927377,2119515,2017-04-04,22.589041095890412,M,Black,2017-04-04
6680947,206779,2016-09-01,24.076712328767123,M,Black,2016-09-01
6326198,3185585,2016-12-17,50.45205479452055,M,Black,2016-12-17
6074091,338042,2017-02-24,43.61095890410959,F,White,2017-02-24
6648850,53703,2016-09-11,21.15068493150685,M,Black,2016-09-11
2725809,1253737,2018-11-08,44.03013698630137,M,White,2018-11-08
6971419,1129092,2016-06-08,31.638356164383563,F,White,2016-06-08
5674108,923399,2017-06-06,28.167123287671235,F,Black,2017-06-06
2788963,46101,2018-10-29,46.00547945205479,M,White,2018-10-29
4652942,8089,2017-12-12,22.35890410958904,M,Black,2017-12-12
7345698,922587,2016-03-16,29.361643835616437,M,Black,2016-03-16
6650503,3249428,2016-09-10,32.221917808219175,M,Black,2016-09-10
3059137,260781,2018-09-07,19.3972602739726,M,Black,2018-09-07
5573668,89034,2017-06-30,32.09041095890411,M,White,2017-06-30
5749590,334186,2017-05-21,35.76712328767123,M,,2017-05-21
6647303,3381394,2016-09-12,44.915068493150685,,,2016-09-12
4502652,74723,2018-01-16,33.131506849315066,M,White,2018-01-16
4671633,1237612,2017-12-08,17.654794520547945,M,Black,2017-12-08
6595530,25238,2016-09-26,20.353424657534248,M,White,2016-09-26
5559239,910246,2017-07-04,40.42739726027397,M,Black,2017-07-04
2558191,1660282,2018-12-12,51.51780821917808,,,2018-12-12
2670602,922002,2018-11-19,66.56164383561644,M,Black,2018-11-19
7005244,1130673,2016-05-28,25.65205479452055,M,Black,2016-05-28
2594291,20010,2018-12-04,41.0958904109589,M,White,2018-12-04
3015248,940651,2018-09-15,40.293150684931504,F,mixed,2018-09-15
5982356,1250624,2017-03-22,24.66849315068493,F,Black,2017-03-22
7601167,1330380,2016-01-04,37.36164383561644,M,Black,2016-01-04
6577694,920520,2016-10-01,48.33698630136986,F,Black,2016-10-01
2496068,1672423,2018-12-23,23.72328767123288,M,White,2018-12-23
4398085,1697642,2018-02-02,19.47945205479452,F,Other,2018-02-02
2680535,84027,2018-11-18,39.26849315068493,M,Black,2018-11-18
5290353,1806016,2017-08-27,22.063013698630137,M,White,2017-08-27
6147642,1675740,2017-02-07,34.961643835616435,M,White,2017-02-07
5170311,336042,2017-09-15,55.30684931506849,M,White,2017-09-15
3672977,909652,2018-05-31,59.91232876712328,M,Black,2018-05-31
4596524,64098,2017-12-26,29.213698630136985,F,White,2017-12-26
7291921,848761,2016-03-31,30.104109589041094,M,White,2016-03-31
6313370,2792559,2016-12-21,50.71780821917808,M,White,2016-12-21
6446640,109307,2016-11-11,24.194520547945206,M,Black,2016-11-11
3601952,1087281,2018-06-14,18.416438356164385,M,White,2018-06-14
4674255,242483,2017-12-08,66.57260273972602,M,Black,2017-12-08
5143947,91724,2017-09-21,29.24109589041096,M,Black,2017-09-21
4493795,1015284,2018-01-17,32.586301369863016,M,Black,2018-01-17
7061405,1113786,2016-05-13,21.46027397260274,F,Black,2016-05-13
7465597,47273,2016-02-13,23.38082191780822,M,Black,2016-02-13
3614608,277226,2018-06-12,41.95890410958904,M,mixed,2018-06-12
6446041,1628013,2016-11-11,25.389041095890413,F,Black,2016-11-11
3668551,5684,2018-06-01,45.38356164383562,M,White,2018-06-01
12005344,14260,2018-01-15,19.30958904109589,M,,2018-01-15
3993384,539268,2018-04-05,44.24383561643835,M,White,2018-04-05
5970690,2593687,2017-03-27,26.736986301369864,M,White,2017-03-27
5803421,1414439,2017-05-06,35.29041095890411,M,White,2017-05-06
6515483,92220,2016-10-20,61.131506849315066,M,,2016-10-20
2922536,71257,2018-10-02,33.320547945205476,M,Black,2018-10-02
6194431,63048,2017-01-26,26.27671232876712,F,White,2017-01-26
3396602,1352518,2018-07-20,23.51232876712329,M,Other,2018-07-20
7021588,1074774,2016-05-24,25.024657534246575,F,White,2016-05-24
6400651,28329,2016-11-21,48.74794520547945,F,Black,2016-11-21
6236432,1065449,2017-01-13,32.635616438356166,M,White,2017-01-13
6457126,522552,2016-11-08,32.62191780821918,F,White,2016-11-08
4762721,540187,2017-11-24,52.85205479452055,M,Black,2017-11-24
5847328,3389220,2017-04-25,33.04383561643836,M,White,2017-04-25
5142809,243409,2017-09-21,30.34794520547945,M,Black,2017-09-21
7392722,93743,2016-03-03,22.873972602739727,M,Black,2016-03-03
6106630,311707,2017-02-16,35.1945205479452,M,Black,2017-02-16
4292218,5400,2018-02-22,27.21917808219178,M,Black,2018-02-22
2532499,1275378,2018-12-15,24.235616438356164,M,Black,2018-12-15
2777894,989231,2018-10-30,20.942465753424656,M,Black,2018-10-30
3802665,741080,2018-05-08,65.33972602739726,M,Black,2018-05-08
5014497,2143682,2017-10-14,54.484931506849314,M,White,2017-10-14
6352870,1120637,2016-12-10,51.23561643835617,M,White,2016-12-10
7478500,3664742,2016-02-10,21.77260273972603,M,Black,2016-02-10
4284534,33253,2018-02-25,24.306849315068497,M,Black,2018-02-25
4290696,1107929,2018-02-23,49.46849315068493,F,White,2018-02-23
3221808,1347085,2018-08-06,35.605479452054794,M,Black,2018-08-06
7580589,977062,2016-01-10,45.25205479452055,M,White,2016-01-10
6322340,1499946,2016-12-19,25.86849315068493,M,White,2016-12-19
12005419,20799,2018-01-06,47.68493150684932,M,White,2018-01-06
4618067,213336,2017-12-19,29.852054794520548,F,Black,2017-12-19
6891939,1195934,2016-07-03,56.93972602739726,M,White,2016-07-03
2700058,2597745,2018-11-14,56.92602739726028,M,White,2018-11-14
6601849,2871747,2016-09-23,53.79726027397261,M,Black,2016-09-23
12002220,1064748,2018-10-16,23.27671232876712,M,Black,2018-10-16
4692540,780358,2017-12-05,32.16712328767123,M,White,2017-12-05
5965226,1012253,2017-03-27,25.04383561643836,F,Black,2017-03-27
7476023,942846,2016-02-10,44.3013698630137,M,Black,2016-02-10
4664272,34814,2017-12-11,19.378082191780823,M,,2017-12-11
5238488,540315,2017-09-06,19.673972602739727,F,Black,2017-09-06
5111848,100614,2017-09-27,25.375342465753423,F,Black,2017-09-27
6762675,1273296,2016-08-10,28.167123287671235,F,White,2016-08-10
4973926,1123886,2017-10-22,25.756164383561643,M,Black,2017-10-22
7203402,2879059,2016-04-22,20.986301369863018,F,Black,2016-04-22
7279968,203355,2016-04-02,39.8054794520548,M,mixed,2016-04-02
7481919,655898,2016-02-09,19.778082191780825,M,mixed,2016-02-09
4957370,26152,2017-10-24,27.528767123287672,M,Black,2017-10-24
5289194,2638329,2017-08-28,35.1013698630137,M,Other,2017-08-28
5633837,754085,2017-06-16,66.23835616438356,M,mixed,2017-06-16
7357128,2934014,2016-03-13,27.756164383561643,F,White,2016-03-13
7583303,913768,2016-01-08,41.04383561643836,M,Black,2016-01-08
6357251,349867,2016-12-09,23.82191780821918,F,White,2016-12-09
4741552,75570,2017-11-28,26.202739726027396,M,White,2017-11-28
4513810,3359933,2018-01-14,41.71232876712329,M,White,2018-01-14
6990731,988645,2016-06-02,18.816438356164383,M,Black,2016-06-02
3403451,1352780,2018-07-19,49.43561643835616,F,,2018-07-19
6814001,712738,2016-07-25,24.09315068493151,M,Black,2016-07-25
5768641,309222,2017-05-16,25.934246575342467,M,Black,2017-05-16
3774134,1171048,2018-05-13,32.556164383561644,F,Black,2018-05-13
6455123,540780,2016-11-09,32.47671232876712,F,Black,2016-11-09
6933156,541012,2016-06-20,54.827397260273976,M,Black,2016-06-20
5600399,1750067,2017-06-23,32.02191780821918,F,Black,2017-06-23
5672065,3071637,2017-06-07,42.41917808219178,F,mixed,2017-06-07
6340185,54200,2016-12-13,46.75068493150685,F,Black,2016-12-13
4577434,2946289,2017-12-29,24.71232876712329,M,White,2017-12-29
3949162,25670,2018-04-12,35.26301369863014,F,Black,2018-04-12
7165449,483280,2016-05-03,21.665753424657535,M,White,2016-05-03
3245978,45613,2018-07-31,36.178082191780824,F,Black,2018-07-31
4552038,60332,2018-01-05,25.438356164383563,M,Black,2018-01-05
6055237,2559192,2017-03-02,65.05205479452054,M,Black,2017-03-02
6486564,1672827,2016-10-29,47.54794520547945,M,Black,2016-10-29
4549790,1065031,2018-01-06,33.85753424657534,M,White,2018-01-06
6368200,989697,2016-12-01,18.682191780821917,M,Black,2016-12-01
6494293,8933,2016-10-26,50.36164383561644,M,Black,2016-10-26
7159070,1134813,2016-05-05,18.424657534246577,M,Black,2016-05-05
6781573,209421,2016-08-04,55.67945205479453,M,Black,2016-08-04
5327849,1000104,2017-08-20,24.931506849315067,M,Black,2017-08-20
3472322,62440,2018-07-09,54.43835616438356,M,White,2018-07-09
4456365,306374,2018-01-24,53.26027397260274,F,Asian,2018-01-24
6525048,912961,2016-10-18,33.78356164383562,M,Black,2016-10-18
3893652,256881,2018-04-21,36.76712328767123,F,Black,2018-04-21
4548723,1343831,2018-01-07,45.35342465753425,F,White,2018-01-07
5475688,67939,2017-07-21,60.42191780821918,M,Black,2017-07-21
3066846,1309027,2018-09-06,33.394520547945206,M,White,2018-09-06
3852105,35369,2018-04-29,48.42739726027397,F,Black,2018-04-29
5195856,73796,2017-09-12,30.243835616438357,M,Black,2017-09-12
7364521,911310,2016-03-10,44.536986301369865,M,Black,2016-03-10
5707539,3354887,2017-05-30,19.424657534246577,F,White,2017-05-30
7495234,479978,2016-02-07,23.75068493150685,M,White,2016-02-07
7566068,228445,2016-01-14,51.843835616438355,M,mixed,2016-01-14
3076203,9044,2018-09-04,21.186301369863013,M,Black,2018-09-04
5665899,50827,2017-06-08,21.778082191780825,M,Black,2017-06-08
4460552,1292211,2018-01-23,21.145205479452056,M,Black,2018-01-23
4796664,25060,2017-11-19,25.947945205479453,F,Black,2017-11-19
2667595,767053,2018-11-20,26.07123287671233,M,Black,2018-11-20
3924651,355986,2018-04-16,33.83561643835616,F,White,2018-04-16
6101374,3103734,2017-02-17,23.493150684931507,M,mixed,2017-02-17
6850726,32341,2016-07-13,18.654794520547945,M,Black,2016-07-13
6891149,3074655,2016-07-04,58.4,M,Asian,2016-07-04
5834411,749038,2017-04-28,18.353424657534248,F,Black,2017-04-28
7591971,82277,2016-01-06,30.315068493150687,M,Black,2016-01-06
4761709,51435,2017-11-24,33.465753424657535,M,Black,2017-11-24
6339294,911946,2016-12-13,31.46027397260274,M,Black,2016-12-13
6639316,2456906,2016-09-14,22.794520547945204,F,White,2016-09-14
7005361,3249683,2016-05-28,34.47123287671233,M,White,2016-05-28
7453819,721126,2016-02-18,50.013698630136986,M,Black,2016-02-18
6533628,992260,2016-10-16,46.2054794520548,F,Black,2016-10-16
6213037,1241445,2017-01-21,27.578082191780823,M,White,2017-01-21
3050989,2529982,2018-09-10,55.57534246575342,F,White,2018-09-10
6161824,85529,2017-02-04,19.575342465753423,M,Black,2017-02-04
3743125,1039918,2018-05-18,43.69315068493151,F,White,2018-05-18
6954720,43925,2016-06-14,19.446575342465753,M,White,2016-06-14
6015800,60742,2017-03-13,28.254794520547943,M,Black,2017-03-13
7525705,3353632,2016-01-28,24.649315068493152,M,Black,2016-01-28
3412511,347083,2018-07-17,19.002739726027396,F,White,2018-07-17
6922904,3178940,2016-06-23,24.65205479452055,M,Black,2016-06-23
4937826,56410,2017-10-27,33.4027397260274,M,Black,2017-10-27
3227956,419322,2018-08-03,20.736986301369864,M,White,2018-08-03
6566103,1792449,2016-10-05,61.81917808219178,M,Black,2016-10-05
7532175,919650,2016-01-24,34.915068493150685,M,Black,2016-01-24
6096933,236508,2017-02-19,36.25205479452055,M,Black,2017-02-19
6037598,92826,2017-03-07,40.846575342465755,M,Black,2017-03-07
6659636,41664,2016-09-08,31.375342465753423,F,White,2016-09-08
7457196,2881955,2016-02-17,35.83561643835616,F,White,2016-02-17
4131834,69085,2018-03-23,48.67671232876712,M,White,2018-03-23
5637824,750540,2017-06-15,23.654794520547945,M,Black,2017-06-15
4915633,230776,2017-10-30,27.638356164383563,M,Black,2017-10-30
5828497,51883,2017-04-30,25.980821917808218,M,mixed,2017-04-30
4771776,17881,2017-11-21,31.526027397260275,M,Black,2017-11-21
2495644,1309509,2018-12-24,31.46849315068493,M,White,2018-12-24
6624477,1510722,2016-09-18,31.087671232876712,M,White,2016-09-18
4502396,29538,2018-01-16,35.553424657534244,M,Black,2018-01-16
4159297,83874,2018-03-19,24.51506849315069,F,Black,2018-03-19
3892526,1499514,2018-04-21,37.345205479452055,F,Asian,2018-04-21
7275867,2842887,2016-04-04,26.90958904109589,M,White,2016-04-04
5296398,1798249,2017-08-25,26.197260273972603,M,Black,2017-08-25
5959056,3118094,2017-03-29,18.19178082191781,M,Black,2017-03-29
4840593,56320,2017-11-11,35.95890410958904,M,Black,2017-11-11
7000981,1337603,2016-05-31,24.95068493150685,F,mixed,2016-05-31
5919982,960846,2017-04-06,26.923287671232877,F,Black,2017-04-06
5083273,198393,2017-10-02,27.682191780821917,M,Black,2017-10-02
5249584,2196821,2017-09-04,28.054794520547944,M,White,2017-09-04
6411247,2079709,2016-11-17,76.73972602739725,F,White,2016-11-17
7003779,115968,2016-05-30,30.983561643835618,M,Black,2016-05-30
7247779,79687,2016-04-12,30.323287671232876,M,Other,2016-04-12
2916797,51530,2018-10-03,32.6958904109589,F,Black,2018-10-03
5381622,1800283,2017-08-09,30.75068493150685,M,Black,2017-08-09
5766861,2844478,2017-05-16,25.008219178082193,M,Black,2017-05-16
5627332,14836,2017-06-18,26.013698630136982,M,White,2017-06-18
6710623,2080856,2016-08-24,50.40547945205479,F,White,2016-08-24
2644843,3228132,2018-11-25,28.895890410958906,F,White,2018-11-25
5941513,2852268,2017-03-31,28.863013698630137,M,Black,2017-03-31
4331087,202960,2018-02-15,38.224657534246575,M,Black,2018-02-15
6604737,85446,2016-09-22,18.117808219178084,M,Black,2016-09-22
4871805,68121,2017-11-05,32.33698630136986,M,Black,2017-11-05
6486852,228688,2016-10-29,22.01095890410959,M,Black,2016-10-29
5159413,1901,2017-09-18,53.865753424657534,M,mixed,2017-09-18
6892253,206826,2016-07-03,37.24109589041096,M,Black,2016-07-03
6798949,709462,2016-07-29,43.88767123287671,M,Black,2016-07-29
6313374,31518,2016-12-21,22.353424657534248,M,White,2016-12-21
6561693,540719,2016-10-06,19.350684931506848,M,Black,2016-10-06
5140950,56946,2017-09-21,38.20273972602739,M,Black,2017-09-21
6316765,329378,2016-12-20,21.457534246575342,M,Black,2016-12-20
5830453,230885,2017-04-29,28.221917808219175,F,mixed,2017-04-29
3377463,324828,2018-07-24,34.227397260273975,M,Black,2018-07-24
6390045,995275,2016-11-23,45.11506849315069,M,mixed,2016-11-23
4629514,239769,2017-12-18,18.23013698630137,M,Black,2017-12-18
6072762,14773,2017-02-25,28.04383561643836,M,White,2017-02-25
6871709,66829,2016-07-06,48.30684931506849,M,White,2016-07-06
4838938,971940,2017-11-12,28.084931506849315,M,Black,2017-11-12
3625742,994193,2018-06-10,34.90958904109589,M,mixed,2018-06-10
4985620,3191484,2017-10-19,26.04109589041096,M,White,2017-10-19
3455754,1987171,2018-07-11,49.12054794520548,M,White,2018-07-11
5295157,1243038,2017-08-25,26.567123287671233,M,Black,2017-08-25
7208240,228565,2016-04-21,19.350684931506848,M,Black,2016-04-21
5373998,953314,2017-08-10,23.87123287671233,M,White,2017-08-10
4546237,38681,2018-01-08,41.66301369863014,F,White,2018-01-08
5598101,531993,2017-06-23,52.59178082191781,M,White,2017-06-23
6226104,1655864,2017-01-18,48.87945205479452,M,White,2017-01-18
7293010,1009164,2016-03-30,26.153424657534245,M,Black,2016-03-30
5662902,2952316,2017-06-09,61.33698630136986,M,White,2017-06-09
5564862,1804725,2017-07-02,25.945205479452056,M,White,2017-07-02
7591648,2326,2016-01-06,31.378082191780823,M,Black,2016-01-06
6743620,3198323,2016-08-15,19.964383561643835,M,White,2016-08-15
3806430,81823,2018-05-07,34.8986301369863,M,,2018-05-07
3400725,1017719,2018-07-19,22.72054794520548,M,Black,2018-07-19
4837325,51323,2017-11-13,32.26027397260274,M,White,2017-11-13
5741406,3102375,2017-05-23,55.772602739726025,M,mixed,2017-05-23
3433327,79198,2018-07-15,28.265753424657536,M,White,2018-07-15
6607334,113657,2016-09-22,23.334246575342465,M,Black,2016-09-22
3188624,271093,2018-08-11,20.695890410958903,M,Black,2018-08-11
6046758,731121,2017-03-04,55.68219178082192,F,Black,2017-03-04
6183350,145687,2017-01-30,38.347945205479455,M,Asian,2017-01-30
7603699,2452788,2016-01-03,26.33150684931507,M,Black,2016-01-03
3940175,1065333,2018-04-14,19.427397260273978,F,White,2018-04-14
4884956,22194,2017-11-02,37.95616438356164,F,White,2017-11-02
7357500,13592,2016-03-13,33.413698630136984,M,Black,2016-03-13
4737746,236038,2017-11-29,34.56986301369863,M,mixed,2017-11-29
6096461,1012225,2017-02-19,50.657534246575345,M,White,2017-02-19
5436833,2515355,2017-07-29,27.317808219178083,M,White,2017-07-29
7386847,2934677,2016-03-04,22.624657534246577,M,White,2016-03-04
5971205,1012418,2017-03-26,40.59452054794521,M,,2017-03-26
7307141,8778,2016-03-26,34.32876712328767,M,Black,2016-03-26
6978316,80524,2016-06-06,38.4,M,Black,2016-06-06
2472356,242203,2018-12-29,20.197260273972603,M,Black,2018-12-29
3094265,1182268,2018-08-31,38.59178082191781,M,White,2018-08-31
7234710,320960,2016-04-14,29.51780821917808,M,White,2016-04-14
7203601,1781403,2016-04-22,24.386301369863013,M,White,2016-04-22
6148186,1335744,2017-02-07,32.846575342465755,F,Black,2017-02-07
5513065,301613,2017-07-13,20.295890410958904,M,Black,2017-07-13
7030740,1439871,2016-05-20,30.698630136986303,M,White,2016-05-20
6701374,511237,2016-08-27,24.175342465753424,F,Black,2016-08-27
5471393,73153,2017-07-23,24.156164383561645,M,Black,2017-07-23
7041731,51504,2016-05-18,48.94794520547945,M,Black,2016-05-18
3648891,1611752,2018-06-06,41.035616438356165,M,White,2018-06-06
5330582,1610763,2017-08-19,36.07945205479452,M,Black,2017-08-19
4973877,910635,2017-10-22,61.016438356164386,M,Black,2017-10-22
5186512,83582,2017-09-13,21.26027397260274,M,Black,2017-09-13
3250281,48211,2018-07-30,34.2,M,White,2018-07-30
5692653,337852,2017-06-01,30.252054794520543,M,Asian,2017-06-01
3130830,1137620,2018-08-24,33.10958904109589,M,Black,2018-08-24
4183368,61596,2018-03-14,38.53972602739726,F,White,2018-03-14
4155587,1435646,2018-03-20,32.99452054794521,F,White,2018-03-20
6670200,3250583,2016-09-05,35.484931506849314,M,White,2016-09-05
4667298,961819,2017-12-10,38.298630136986304,M,Black,2017-12-10
3129407,1431369,2018-08-24,38.81917808219178,M,Black,2018-08-24
5470465,3191875,2017-07-23,20.08219178082192,M,White,2017-07-23
4314675,78499,2018-02-19,35.8,M,Black,2018-02-19
6235576,38602,2017-01-14,43.96986301369863,M,Black,2017-01-14
4452127,990237,2018-01-24,21.10958904109589,F,Black,2018-01-24
4825391,26150,2017-11-14,19.383561643835616,M,Black,2017-11-14
6659898,1065548,2016-09-07,18.39452054794521,M,White,2016-09-07
4599087,742996,2017-12-24,46.87945205479452,F,,2017-12-24
5976310,229802,2017-03-24,64.88493150684931,M,Black,2017-03-24
5342043,1431898,2017-08-17,57.12054794520548,M,Black,2017-08-17
4267658,1279933,2018-02-27,49.106849315068494,F,Asian,2018-02-27
3083255,785937,2018-09-04,30.378082191780823,M,Black,2018-09-04
7408280,960754,2016-02-27,23.986301369863018,M,Black,2016-02-27
5103520,3099500,2017-09-28,19.46027397260274,M,,2017-09-28
6228444,1251769,2017-01-17,31.02191780821918,M,Black,2017-01-17
2471357,344219,2018-12-29,34.32876712328767,F,White,2018-12-29
7539079,1602754,2016-01-21,32.87123287671233,F,Black,2016-01-21
2978046,942762,2018-09-22,38.273972602739725,M,Black,2018-09-22
5594049,69777,2017-06-24,27.216438356164385,M,Other,2017-06-24
6304179,2601543,2016-12-25,18.410958904109588,,White,2016-12-25
6386392,932315,2016-11-26,22.084931506849315,M,Black,2016-11-26
5293905,1009103,2017-08-25,24.052054794520547,F,Black,2017-08-25
5050448,244925,2017-10-08,18.786301369863015,M,mixed,2017-10-08
6485644,2740186,2016-10-30,48.3013698630137,M,Black,2016-10-30
6215258,1058804,2017-01-20,38.893150684931506,M,White,2017-01-20
3128626,230959,2018-08-25,28.09041095890411,M,mixed,2018-08-25
2687435,2874630,2018-11-16,57.38904109589041,M,White,2018-11-16
5059344,8819,2017-10-05,42.56438356164384,M,Black,2017-10-05
2950470,1302726,2018-09-27,32.536986301369865,M,White,2018-09-27
7200598,1300240,2016-04-23,26.747945205479457,M,Black,2016-04-23
5974182,1518439,2017-03-24,65.68219178082192,M,Black,2017-03-24
4668826,29542,2017-12-09,28.698630136986303,F,White,2017-12-09
5739857,1499779,2017-05-23,58.48219178082192,F,Black,2017-05-23
3039205,1292290,2018-09-11,49.96986301369863,F,Black,2018-09-11
5705381,720250,2017-05-30,31.14246575342466,M,Black,2017-05-30
6163577,72764,2017-02-03,22.72054794520548,F,Black,2017-02-03
3945139,736961,2018-04-13,42.652054794520545,F,Black,2018-04-13
3646741,74726,2018-06-06,26.556164383561644,M,Black,2018-06-06
4339990,66208,2018-02-13,40.43013698630137,M,Black,2018-02-13
3013581,2154819,2018-09-16,58.61369863013699,F,White,2018-09-16
6186016,83127,2017-01-28,21.172602739726027,M,Black,2017-01-28
6537189,1052139,2016-10-14,48.367123287671234,M,White,2016-10-14
4100820,66832,2018-03-28,33.62465753424657,M,Black,2018-03-28
4998162,1588377,2017-10-17,21.09315068493151,M,Black,2017-10-17
5223686,11885,2017-09-09,39.12876712328767,M,Black,2017-09-09
5296171,883909,2017-08-25,31.326027397260273,F,White,2017-08-25
5155920,92636,2017-09-19,56.054794520547944,M,Black,2017-09-19
5251707,95389,2017-09-04,36.84109589041096,,Black,2017-09-04
3512764,3231517,2018-06-30,28.975342465753425,M,Black,2018-06-30
4003633,78820,2018-04-03,34.16164383561644,F,White,2018-04-03
5732443,173830,2017-05-25,28.616438356164384,M,White,2017-05-25
6183928,712318,2017-01-30,37.106849315068494,M,Black,2017-01-30
4481139,59002,2018-01-19,39.21095890410959,M,Black,2018-01-19
7408614,91883,2016-02-27,25.14246575342466,F,Black,2016-02-27
5427759,81982,2017-07-31,26.80821917808219,M,Black,2017-07-31
5976675,1455195,2017-03-24,29.553424657534247,F,White,2017-03-24
6872176,9003,2016-07-06,33.45753424657534,F,Black,2016-07-06
4550413,3120789,2018-01-06,32.83835616438356,M,Black,2018-01-06
2953487,1064456,2018-09-26,26.27123287671233,M,Black,2018-09-26
5057571,66046,2017-10-06,24.473972602739725,M,Black,2017-10-06
4810567,1301492,2017-11-16,26.764383561643836,M,Black,2017-11-16
3086994,1307719,2018-09-03,22.101369863013694,M,Black,2018-09-03
6614488,698945,2016-09-21,29.663013698630134,M,Black,2016-09-21
7276076,2248903,2016-04-04,33.21095890410959,M,White,2016-04-04
7485908,1119846,2016-02-08,19.312328767123287,M,Black,2016-02-08
6970994,982966,2016-06-08,28.26027397260274,M,Black,2016-06-08
4612031,327163,2017-12-20,33.221917808219175,M,White,2017-12-20
6203506,64186,2017-01-24,35.85753424657534,M,Black,2017-01-24
5289777,3357477,2017-08-28,39.53150684931507,M,White,2017-08-28
6995889,131507,2016-06-01,31.076712328767123,M,mixed,2016-06-01
5984092,3098802,2017-03-22,26.147945205479452,M,Black,2017-03-22
4951883,3192434,2017-10-25,56.33424657534247,M,White,2017-10-25
3085056,1725478,2018-09-04,50.43561643835616,M,Indian,2018-09-04
4599258,1644444,2017-12-24,26.8,M,White,2017-12-24
5291769,3192537,2017-08-26,49.96986301369863,M,White,2017-08-26
6982985,4981,2016-06-05,37.38082191780822,M,White,2016-06-05
4531245,66936,2018-01-10,46.295890410958904,M,Black,2018-01-10
7002347,2582339,2016-05-31,28.726027397260275,F,White,2016-05-31
7383051,3484,2016-03-06,38.0,M,Black,2016-03-06
7504516,215578,2016-02-04,46.8986301369863,M,Black,2016-02-04
6649145,456897,2016-09-11,24.86027397260274,M,Black,2016-09-11
3681550,3328849,2018-05-30,18.068493150684933,M,Black,2018-05-30
5469978,2455042,2017-07-24,51.64657534246575,M,Black,2017-07-24
5855566,2335717,2017-04-21,39.85479452054795,M,Black,2017-04-21
4613060,77608,2017-12-20,36.35890410958904,F,White,2017-12-20
6370773,3909,2016-12-01,47.172602739726024,M,White,2016-12-01
6940518,3352529,2016-06-17,19.676712328767124,F,White,2016-06-17
6988269,3561023,2016-06-03,28.46027397260274,F,Black,2016-06-03
2939914,844881,2018-09-30,22.983561643835618,M,White,2018-09-30
3594673,3362946,2018-06-15,18.60821917808219,M,White,2018-06-15
6143190,3212405,2017-02-08,27.942465753424656,M,Black,2017-02-08
6193867,2400358,2017-01-26,40.93698630136986,F,mixed,2017-01-26
6289055,81431,2017-01-01,34.40821917808219,M,Black,2017-01-01
4798059,1880894,2017-11-18,19.931506849315067,F,Black,2017-11-18
5473408,50867,2017-07-21,20.72876712328767,M,Black,2017-07-21
3394043,961194,2018-07-20,55.55068493150685,M,Black,2018-07-20
4641585,379371,2017-12-14,25.254794520547943,M,,2017-12-14
4804643,1417936,2017-11-17,18.745205479452057,M,White,2017-11-17
5328078,3192705,2017-08-20,50.26027397260274,M,White,2017-08-20
6097506,1643235,2017-02-18,24.534246575342465,M,White,2017-02-18
5936371,1111687,2017-04-03,33.51780821917808,M,White,2017-04-03
5329404,10779,2017-08-19,29.783561643835615,F,Black,2017-08-19
5883395,91690,2017-04-17,25.665753424657535,M,Black,2017-04-17
2668316,1664393,2018-11-20,23.945205479452056,M,White,2018-11-20
2673805,65745,2018-11-19,27.67945205479452,M,White,2018-11-19
12006021,1065214,2018-04-27,35.41917808219178,F,White,2018-04-27
4801691,1238975,2017-11-17,24.16164383561644,F,White,2017-11-17
6232325,964750,2017-01-16,43.64383561643836,M,Black,2017-01-16
6486363,1021244,2016-10-29,35.78904109589041,M,Black,2016-10-29
6665503,995723,2016-09-06,50.45753424657534,M,Black,2016-09-06
6478529,27249,2016-11-01,22.87945205479452,M,Black,2016-11-01
7197240,1790946,2016-04-25,51.27945205479452,M,White,2016-04-25
7175419,524218,2016-04-30,30.676712328767124,M,White,2016-04-30
5226476,85929,2017-09-08,35.0,M,Black,2017-09-08
4534880,767695,2018-01-10,39.654794520547945,M,Black,2018-01-10
3578573,47154,2018-06-19,30.684931506849313,M,Black,2018-06-19
5474682,1348192,2017-07-21,19.545205479452058,M,Black,2017-07-21
5792197,10071,2017-05-09,21.95890410958904,M,Black,2017-05-09
3090561,3604266,2018-09-01,36.63013698630137,M,Black,2018-09-01
2827385,7833,2018-10-21,40.71232876712329,F,Black,2018-10-21
7019251,253477,2016-05-24,51.3013698630137,M,White,2016-05-24
4414756,43143,2018-01-31,35.93150684931507,M,White,2018-01-31
7063563,81423,2016-05-12,51.45205479452055,M,Black,2016-05-12
2816767,36799,2018-10-23,33.8986301369863,M,Black,2018-10-23
2866283,45068,2018-10-13,26.104109589041094,F,Black,2018-10-13
5182981,747185,2017-09-14,23.67945205479452,M,Black,2017-09-14
6673313,1301547,2016-09-03,29.424657534246577,M,mixed,2016-09-03
4646805,1006380,2017-12-13,58.9041095890411,M,mixed,2017-12-13
6725214,1644761,2016-08-20,18.775342465753425,M,White,2016-08-20
4556922,1347952,2018-01-04,19.016438356164382,M,Black,2018-01-04
3247709,1814816,2018-07-31,28.065753424657533,M,White,2018-07-31
7417657,380061,2016-02-25,28.87123287671233,F,White,2016-02-25
5806918,231083,2017-05-05,29.01095890410959,M,Black,2017-05-05
6045036,28614,2017-03-05,25.895890410958906,M,Black,2017-03-05
5773028,32255,2017-05-15,42.42191780821918,F,White,2017-05-15
5675336,24916,2017-06-06,18.75068493150685,M,Black,2017-06-06
4507353,320209,2018-01-15,35.61369863013699,M,White,2018-01-15
5918533,3668762,2017-04-07,29.13150684931507,M,Black,2017-04-07
6166510,69593,2017-02-03,35.4,F,mixed,2017-02-03
3711442,990371,2018-05-24,40.964383561643835,M,Black,2018-05-24
5775746,63188,2017-05-14,18.78904109589041,M,Black,2017-05-14
4642420,1712911,2017-12-14,75.55616438356165,M,White,2017-12-14
5971420,24904,2017-03-26,26.78904109589041,F,White,2017-03-26
5374331,1710539,2017-08-10,57.172602739726024,M,White,2017-08-10
7477228,2757019,2016-02-10,20.542465753424658,M,White,2016-02-10
6935981,318135,2016-06-17,34.8054794520548,M,White,2016-06-17
6305418,320631,2016-12-23,31.63013698630137,M,Black,2016-12-23
7470210,103801,2016-02-12,22.882191780821916,M,Black,2016-02-12
7500144,1779141,2016-02-05,61.42191780821918,M,White,2016-02-05
5728587,1801200,2017-05-26,54.44109589041096,M,White,2017-05-26
